# SECTION,CAMPAIGN SETTINGS BLOCK,,
Setting,Value,,
Account currency,NZ$ (NZD),,
Networks,Google Search only (Search Partners OFF at launch),,
Total monthly budget,NZ$1500,,
Campaign: Core – Removal/Arborist,45% share | ~NZ$675/mo | daily NZ$22.20,,
Campaign: Pruning/Stump,30% share | ~NZ$450/mo | daily NZ$14.80,,
Campaign: Emergency/Storm,15% share | ~NZ$225/mo | daily NZ$7.40,,
Campaign: Brand,5% share | ~NZ$75/mo | daily NZ$2.50,,
Note (daily=monthly/30.4),Google spends up to 2x daily on high-traffic days but not more than the monthly cap,,
Geo-targeting,"Greater Wellington: Wellington City, Lower Hutt, Upper Hutt, Porirua, Kapiti Coast (Paraparaumu). Location option = Presence (people IN the area) NOT presence-or-interest",,
Language,English,,
Ad rotation,Optimise for best performing ads,,
Bidding (launch),Maximize Clicks with a max CPC limit of NZ$9 (Emergency campaign NZ$14),,
Bidding (phase 2),Maximize Conversions once ~15-30 conversions tracked,,
Bidding (phase 3),Target CPA once ~30+ conv/mo (start tCPA ~NZ$45-60),,
Match types at launch,Phrase + Exact only. No Broad match,,
Ad schedule,All hours (Emergency 24/7). Consider +bid 7am-7pm Mon-Sat after data,,
Devices,All. Review mobile call performance after 2 weeks,,
Conversion actions,Quote form submit (Primary) + Phone calls >=60s (Primary),,
,,,
# SECTION,KEYWORDS (import via keywords.csv),,
Campaign,Ad Group,Keyword,Match Type
Core – Removal/Arborist,Tree Removal,tree removal wellington,Phrase
Core – Removal/Arborist,Tree Removal,tree removal wellington,Exact
Core – Removal/Arborist,Tree Removal,tree removal,Phrase
Core – Removal/Arborist,Tree Removal,tree removal,Exact
Core – Removal/Arborist,Tree Removal,tree removal services,Phrase
Core – Removal/Arborist,Tree Removal,tree removal services,Exact
Core – Removal/Arborist,Tree Removal,tree removal cost,Phrase
Core – Removal/Arborist,Tree Removal,tree removal cost,Exact
Core – Removal/Arborist,Tree Removal,tree removal near me,Phrase
Core – Removal/Arborist,Tree Removal,tree removal near me,Exact
Core – Removal/Arborist,Tree Removal,tree cutting wellington,Phrase
Core – Removal/Arborist,Tree Removal,tree cutting wellington,Exact
Core – Removal/Arborist,Tree Removal,tree removal company,Phrase
Core – Removal/Arborist,Tree Removal,tree removal company,Exact
Core – Removal/Arborist,Arborist,arborist wellington,Phrase
Core – Removal/Arborist,Arborist,arborist wellington,Exact
Core – Removal/Arborist,Arborist,arborist,Phrase
Core – Removal/Arborist,Arborist,arborist,Exact
Core – Removal/Arborist,Arborist,arborist near me,Phrase
Core – Removal/Arborist,Arborist,arborist near me,Exact
Core – Removal/Arborist,Arborist,qualified arborist wellington,Phrase
Core – Removal/Arborist,Arborist,qualified arborist wellington,Exact
Core – Removal/Arborist,Arborist,tree surgeon wellington,Phrase
Core – Removal/Arborist,Arborist,tree surgeon wellington,Exact
Core – Removal/Arborist,Arborist,tree services wellington,Phrase
Core – Removal/Arborist,Arborist,tree services wellington,Exact
Core – Removal/Arborist,Arborist,arborist services,Phrase
Core – Removal/Arborist,Arborist,arborist services,Exact
Core – Removal/Arborist,Section Clearing,section clearing wellington,Phrase
Core – Removal/Arborist,Section Clearing,section clearing wellington,Exact
Core – Removal/Arborist,Section Clearing,section clearing,Phrase
Core – Removal/Arborist,Section Clearing,section clearing,Exact
Core – Removal/Arborist,Section Clearing,land clearing wellington,Phrase
Core – Removal/Arborist,Section Clearing,land clearing wellington,Exact
Core – Removal/Arborist,Section Clearing,vegetation clearing wellington,Phrase
Core – Removal/Arborist,Section Clearing,vegetation clearing wellington,Exact
Core – Removal/Arborist,Section Clearing,overgrown section clearing,Phrase
Core – Removal/Arborist,Section Clearing,overgrown section clearing,Exact
Core – Removal/Arborist,Tree Felling,tree felling wellington,Phrase
Core – Removal/Arborist,Tree Felling,tree felling wellington,Exact
Core – Removal/Arborist,Tree Felling,tree felling,Phrase
Core – Removal/Arborist,Tree Felling,tree felling,Exact
Core – Removal/Arborist,Tree Felling,tree fellers wellington,Phrase
Core – Removal/Arborist,Tree Felling,tree fellers wellington,Exact
Core – Removal/Arborist,Tree Felling,large tree removal wellington,Phrase
Core – Removal/Arborist,Tree Felling,large tree removal wellington,Exact
Core – Removal/Arborist,Tree Felling,tree cutting service,Phrase
Core – Removal/Arborist,Tree Felling,tree cutting service,Exact
Pruning/Stump,Tree Pruning,tree pruning wellington,Phrase
Pruning/Stump,Tree Pruning,tree pruning wellington,Exact
Pruning/Stump,Tree Pruning,tree pruning,Phrase
Pruning/Stump,Tree Pruning,tree pruning,Exact
Pruning/Stump,Tree Pruning,tree trimming wellington,Phrase
Pruning/Stump,Tree Pruning,tree trimming wellington,Exact
Pruning/Stump,Tree Pruning,tree trimming,Phrase
Pruning/Stump,Tree Pruning,tree trimming,Exact
Pruning/Stump,Tree Pruning,tree pruning services,Phrase
Pruning/Stump,Tree Pruning,tree pruning services,Exact
Pruning/Stump,Tree Pruning,tree trimming near me,Phrase
Pruning/Stump,Tree Pruning,tree trimming near me,Exact
Pruning/Stump,Crown Reduction,crown reduction wellington,Phrase
Pruning/Stump,Crown Reduction,crown reduction wellington,Exact
Pruning/Stump,Crown Reduction,crown reduction,Phrase
Pruning/Stump,Crown Reduction,crown reduction,Exact
Pruning/Stump,Crown Reduction,crown lifting wellington,Phrase
Pruning/Stump,Crown Reduction,crown lifting wellington,Exact
Pruning/Stump,Crown Reduction,crown thinning wellington,Phrase
Pruning/Stump,Crown Reduction,crown thinning wellington,Exact
Pruning/Stump,Crown Reduction,tree crown reduction,Phrase
Pruning/Stump,Crown Reduction,tree crown reduction,Exact
Pruning/Stump,Stump Grinding,stump grinding wellington,Phrase
Pruning/Stump,Stump Grinding,stump grinding wellington,Exact
Pruning/Stump,Stump Grinding,stump grinding,Phrase
Pruning/Stump,Stump Grinding,stump grinding,Exact
Pruning/Stump,Stump Grinding,stump removal wellington,Phrase
Pruning/Stump,Stump Grinding,stump removal wellington,Exact
Pruning/Stump,Stump Grinding,stump removal,Phrase
Pruning/Stump,Stump Grinding,stump removal,Exact
Pruning/Stump,Stump Grinding,tree stump grinding,Phrase
Pruning/Stump,Stump Grinding,tree stump grinding,Exact
Pruning/Stump,Stump Grinding,stump grinding cost,Phrase
Pruning/Stump,Stump Grinding,stump grinding cost,Exact
Pruning/Stump,Hedge Trimming,hedge trimming wellington,Phrase
Pruning/Stump,Hedge Trimming,hedge trimming wellington,Exact
Pruning/Stump,Hedge Trimming,hedge trimming,Phrase
Pruning/Stump,Hedge Trimming,hedge trimming,Exact
Pruning/Stump,Hedge Trimming,hedge cutting wellington,Phrase
Pruning/Stump,Hedge Trimming,hedge cutting wellington,Exact
Pruning/Stump,Hedge Trimming,hedge trimming services,Phrase
Pruning/Stump,Hedge Trimming,hedge trimming services,Exact
Pruning/Stump,Dead-wooding,dead wooding wellington,Phrase
Pruning/Stump,Dead-wooding,dead wooding wellington,Exact
Pruning/Stump,Dead-wooding,deadwooding,Phrase
Pruning/Stump,Dead-wooding,deadwooding,Exact
Pruning/Stump,Dead-wooding,dead wood removal,Phrase
Pruning/Stump,Dead-wooding,dead wood removal,Exact
Pruning/Stump,Dead-wooding,tree dead wooding,Phrase
Pruning/Stump,Dead-wooding,tree dead wooding,Exact
Emergency/Storm,Emergency Tree Removal,emergency tree removal wellington,Phrase
Emergency/Storm,Emergency Tree Removal,emergency tree removal wellington,Exact
Emergency/Storm,Emergency Tree Removal,emergency tree removal,Phrase
Emergency/Storm,Emergency Tree Removal,emergency tree removal,Exact
Emergency/Storm,Emergency Tree Removal,emergency arborist wellington,Phrase
Emergency/Storm,Emergency Tree Removal,emergency arborist wellington,Exact
Emergency/Storm,Emergency Tree Removal,urgent tree removal,Phrase
Emergency/Storm,Emergency Tree Removal,urgent tree removal,Exact
Emergency/Storm,Emergency Tree Removal,24 hour tree removal,Phrase
Emergency/Storm,Emergency Tree Removal,24 hour tree removal,Exact
Emergency/Storm,Storm Damage,storm damage tree removal,Phrase
Emergency/Storm,Storm Damage,storm damage tree removal,Exact
Emergency/Storm,Storm Damage,storm damage tree wellington,Phrase
Emergency/Storm,Storm Damage,storm damage tree wellington,Exact
Emergency/Storm,Storm Damage,storm tree removal,Phrase
Emergency/Storm,Storm Damage,storm tree removal,Exact
Emergency/Storm,Storm Damage,fallen tree storm damage,Phrase
Emergency/Storm,Storm Damage,fallen tree storm damage,Exact
Emergency/Storm,Dangerous/Fallen Tree,fallen tree removal wellington,Phrase
Emergency/Storm,Dangerous/Fallen Tree,fallen tree removal wellington,Exact
Emergency/Storm,Dangerous/Fallen Tree,fallen tree removal,Phrase
Emergency/Storm,Dangerous/Fallen Tree,fallen tree removal,Exact
Emergency/Storm,Dangerous/Fallen Tree,dangerous tree removal,Phrase
Emergency/Storm,Dangerous/Fallen Tree,dangerous tree removal,Exact
Emergency/Storm,Dangerous/Fallen Tree,tree fallen on house,Phrase
Emergency/Storm,Dangerous/Fallen Tree,tree fallen on house,Exact
Emergency/Storm,Dangerous/Fallen Tree,leaning tree removal,Phrase
Emergency/Storm,Dangerous/Fallen Tree,leaning tree removal,Exact
Brand,Brand Terms,urban tree services,Phrase
Brand,Brand Terms,urban tree services,Exact
Brand,Brand Terms,urban tree services wellington,Phrase
Brand,Brand Terms,urban tree services wellington,Exact
Brand,Brand Terms,urban tree wellington,Phrase
Brand,Brand Terms,urban tree wellington,Exact
Brand,Brand Terms,urban tree services nz,Phrase
Brand,Brand Terms,urban tree services nz,Exact
,,,
# SECTION,NEGATIVE KEYWORDS (import via negatives.csv - add as one shared list applied to all 4 campaigns),,
Level,Keyword,Match Type,
Shared List,job,Broad,
Shared List,jobs,Broad,
Shared List,career,Broad,
Shared List,careers,Broad,
Shared List,hiring,Broad,
Shared List,apprentice,Broad,
Shared List,apprenticeship,Broad,
Shared List,salary,Broad,
Shared List,wage,Broad,
Shared List,course,Broad,
Shared List,courses,Broad,
Shared List,training,Broad,
Shared List,qualification,Broad,
Shared List,diploma,Broad,
Shared List,nzqa,Broad,
Shared List,diy,Broad,
Shared List,firewood,Broad,
Shared List,mulch,Broad,
Shared List,woodchips,Broad,
Shared List,chainsaw,Broad,
Shared List,rental,Broad,
Shared List,auckland,Broad,
Shared List,christchurch,Broad,
Shared List,hamilton,Broad,
Shared List,tauranga,Broad,
Shared List,dunedin,Broad,
Shared List,napier,Broad,
Shared List,nelson,Broad,
Shared List,how to,Phrase,
Shared List,do it yourself,Phrase,
Shared List,for sale,Phrase,
Shared List,for hire,Phrase,
Shared List,chainsaw hire,Phrase,
Shared List,stump grinder hire,Phrase,
Shared List,wood chipper hire,Phrase,
Shared List,equipment hire,Phrase,
Shared List,second hand,Phrase,
Shared List,free firewood,Phrase,
Shared List,free wood,Phrase,
Shared List,free tree,Phrase,
Shared List,palmerston north,Phrase,
Shared List,new plymouth,Phrase,
Shared List,arborist course,Phrase,
Shared List,arborist jobs,Phrase,
Note,Full negative list is in negatives.csv,,
