Campaign,Ad Group,Headline 1,Headline 2,Headline 3,Headline 4,Headline 5,Headline 6,Headline 7,Headline 8,Headline 9,Headline 10,Headline 11,Headline 12,Headline 13,Headline 14,Headline 15,Description 1,Description 2,Description 3,Description 4,Final URL,Path 1,Path 2
"Core – Removal/Arborist","Tree Removal","Wellington Tree Removal","Safe Tree Removal Experts","Tree Removal Done Right","Big or Small Tree Removal","Qualified Wellington Arborist","11+ Years Tree Experience","4.9 Stars, 79 Reviews","Free No-Obligation Quotes","Council-Trusted Arborists","Same Arborist Quotes & Works","Tidy Clean-Up Guaranteed","Like We Were Never There","Call 027 203 1446","Free On-Site Quotes","Local Wellington Arborist","Safe, efficient tree removal in Wellington by a qualified arborist. Free quotes.","Trusted by Wellington councils & national agencies. 4.9 stars from 79 Google reviews.","Free, no-obligation quotes across greater Wellington. Call 027 203 1446 today.","We leave your property tidy — as if we were never there. Book your free quote now.","https://urbantreeservices.net/services/tree-removal/","Tree-Removal","Wellington"
"Core – Removal/Arborist","Arborist","Wellington Arborist Service","Expert Arborist Services","Your Wellington Tree Experts","11+ Years' Arborist Skill","Qualified Wellington Arborist","11+ Years Tree Experience","4.9 Stars, 79 Reviews","Free No-Obligation Quotes","Council-Trusted Arborists","Same Arborist Quotes & Works","Tidy Clean-Up Guaranteed","Like We Were Never There","Call 027 203 1446","Free On-Site Quotes","Local Wellington Arborist","Qualified Wellington arborist, 11+ years' experience. Same expert quotes & does the job.","Trusted by Wellington councils & national agencies. 4.9 stars from 79 Google reviews.","Free, no-obligation quotes across greater Wellington. Call 027 203 1446 today.","We leave your property tidy — as if we were never there. Book your free quote now.","https://urbantreeservices.net/services/tree-removal/","Arborist","Wellington"
"Core – Removal/Arborist","Section Clearing","Wellington Section Clearing","Overgrown Section Cleared","Full Site & Land Clearing","Clear Your Section Fast","Qualified Wellington Arborist","11+ Years Tree Experience","4.9 Stars, 79 Reviews","Free No-Obligation Quotes","Council-Trusted Arborists","Same Arborist Quotes & Works","Tidy Clean-Up Guaranteed","Like We Were Never There","Call 027 203 1446","Free On-Site Quotes","Local Wellington Arborist","Overgrown section? We clear trees & vegetation fast, and leave it spotless. Free quote.","Trusted by Wellington councils & national agencies. 4.9 stars from 79 Google reviews.","Free, no-obligation quotes across greater Wellington. Call 027 203 1446 today.","We leave your property tidy — as if we were never there. Book your free quote now.","https://urbantreeservices.net/services/tree-removal/section-clearing/","Section-Clear","Wellington"
"Core – Removal/Arborist","Tree Felling","Wellington Tree Felling","Large Tree Felling Experts","Safe Precision Tree Felling","Tree Felling Done Safely","Qualified Wellington Arborist","11+ Years Tree Experience","4.9 Stars, 79 Reviews","Free No-Obligation Quotes","Council-Trusted Arborists","Same Arborist Quotes & Works","Tidy Clean-Up Guaranteed","Like We Were Never There","Call 027 203 1446","Free On-Site Quotes","Local Wellington Arborist","Safe, precise tree felling by qualified Wellington arborists. Free no-obligation quote.","Trusted by Wellington councils & national agencies. 4.9 stars from 79 Google reviews.","Free, no-obligation quotes across greater Wellington. Call 027 203 1446 today.","We leave your property tidy — as if we were never there. Book your free quote now.","https://urbantreeservices.net/services/tree-removal/","Tree-Felling","Wellington"
"Pruning/Stump","Tree Pruning","Wellington Tree Pruning","Expert Tree Pruning & Trims","Healthy, Shaped Trees","Tree Trimming Experts","Qualified Wellington Arborist","11+ Years Tree Experience","4.9 Stars, 79 Reviews","Free No-Obligation Quotes","Council-Trusted Arborists","Same Arborist Quotes & Works","Tidy Clean-Up Guaranteed","Like We Were Never There","Call 027 203 1446","Free On-Site Quotes","Local Wellington Arborist","Expert tree pruning & trimming for healthy, shaped trees. Tidy clean-up, free quotes.","Trusted by Wellington councils & national agencies. 4.9 stars from 79 Google reviews.","Free, no-obligation quotes across greater Wellington. Call 027 203 1446 today.","We leave your property tidy — as if we were never there. Book your free quote now.","https://urbantreeservices.net/services/tree-pruning/","Tree-Pruning","Wellington"
"Pruning/Stump","Crown Reduction","Wellington Crown Reduction","Crown Lifting & Thinning","Expert Crown Reduction","Reduce & Shape Big Trees","Qualified Wellington Arborist","11+ Years Tree Experience","4.9 Stars, 79 Reviews","Free No-Obligation Quotes","Council-Trusted Arborists","Same Arborist Quotes & Works","Tidy Clean-Up Guaranteed","Like We Were Never There","Call 027 203 1446","Free On-Site Quotes","Local Wellington Arborist","Crown reduction, lifting & thinning by qualified arborists. Free Wellington quotes.","Trusted by Wellington councils & national agencies. 4.9 stars from 79 Google reviews.","Free, no-obligation quotes across greater Wellington. Call 027 203 1446 today.","We leave your property tidy — as if we were never there. Book your free quote now.","https://urbantreeservices.net/services/tree-pruning/","Crown-Reduction","Wellington"
"Pruning/Stump","Stump Grinding","Wellington Stump Grinding","Stump Grinding & Removal","Ground-Level Stump Removal","Fast Stump Grinding","Qualified Wellington Arborist","11+ Years Tree Experience","4.9 Stars, 79 Reviews","Free No-Obligation Quotes","Council-Trusted Arborists","Same Arborist Quotes & Works","Tidy Clean-Up Guaranteed","Like We Were Never There","Call 027 203 1446","Free On-Site Quotes","Local Wellington Arborist","Fast stump grinding & removal, ground to below surface. Tidy finish, free quotes.","Trusted by Wellington councils & national agencies. 4.9 stars from 79 Google reviews.","Free, no-obligation quotes across greater Wellington. Call 027 203 1446 today.","We leave your property tidy — as if we were never there. Book your free quote now.","https://urbantreeservices.net/services/stump/stump-grinding/","Stump-Grinding","Wellington"
"Pruning/Stump","Hedge Trimming","Wellington Hedge Trimming","Neat, Tidy Hedge Trimming","Shaped Hedges, Tidy Finish","Expert Hedge Trimming","Qualified Wellington Arborist","11+ Years Tree Experience","4.9 Stars, 79 Reviews","Free No-Obligation Quotes","Council-Trusted Arborists","Same Arborist Quotes & Works","Tidy Clean-Up Guaranteed","Like We Were Never There","Call 027 203 1446","Free On-Site Quotes","Local Wellington Arborist","Neat, tidy hedge trimming & shaping across Wellington. Free clean-up, free quotes.","Trusted by Wellington councils & national agencies. 4.9 stars from 79 Google reviews.","Free, no-obligation quotes across greater Wellington. Call 027 203 1446 today.","We leave your property tidy — as if we were never there. Book your free quote now.","https://urbantreeservices.net/services/tree-pruning/","Hedge-Trimming","Wellington"
"Pruning/Stump","Dead-wooding","Wellington Dead-Wooding","Safe Deadwood Removal","Remove Dead, Unsafe Limbs","Tree Dead-Wooding Experts","Qualified Wellington Arborist","11+ Years Tree Experience","4.9 Stars, 79 Reviews","Free No-Obligation Quotes","Council-Trusted Arborists","Same Arborist Quotes & Works","Tidy Clean-Up Guaranteed","Like We Were Never There","Call 027 203 1446","Free On-Site Quotes","Local Wellington Arborist","Safe removal of dead & unsafe limbs by qualified arborists. Free Wellington quotes.","Trusted by Wellington councils & national agencies. 4.9 stars from 79 Google reviews.","Free, no-obligation quotes across greater Wellington. Call 027 203 1446 today.","We leave your property tidy — as if we were never there. Book your free quote now.","https://urbantreeservices.net/services/tree-pruning/","Dead-Wooding","Wellington"
"Emergency/Storm","Emergency Tree Removal","Emergency Tree Removal","Urgent Tree Removal Team","Fast Emergency Arborists","Rapid Response Arborists","Qualified Wellington Arborist","11+ Years Tree Experience","4.9 Stars, 79 Reviews","Free No-Obligation Quotes","Council-Trusted Arborists","Same Arborist Quotes & Works","Tidy Clean-Up Guaranteed","Fast Storm Response","Call 027 203 1446","Free On-Site Quotes","Local Wellington Arborist","Emergency tree removal in Wellington. Fast response from qualified arborists. Call now.","Fast response across greater Wellington. Qualified arborists on call 027 203 1446.","Trusted by Wellington councils & national agencies. 4.9 stars from 79 Google reviews.","We leave your property tidy — as if we were never there. Book your free quote now.","https://urbantreeservices.net/services/emergency/","Emergency","Tree-Removal"
"Emergency/Storm","Storm Damage","Storm Damage Tree Removal","Fast Storm Tree Response","Storm-Damaged Trees Cleared","Wellington Storm Cleanup","Qualified Wellington Arborist","11+ Years Tree Experience","4.9 Stars, 79 Reviews","Free No-Obligation Quotes","Council-Trusted Arborists","Same Arborist Quotes & Works","Tidy Clean-Up Guaranteed","Fast Storm Response","Call 027 203 1446","Free On-Site Quotes","Local Wellington Arborist","Storm damage cleanup & tree removal across Wellington. Fast, qualified, insured team.","Fast response across greater Wellington. Qualified arborists on call 027 203 1446.","Trusted by Wellington councils & national agencies. 4.9 stars from 79 Google reviews.","We leave your property tidy — as if we were never there. Book your free quote now.","https://urbantreeservices.net/services/emergency/","Storm-Damage","Wellington"
"Emergency/Storm","Dangerous/Fallen Tree","Fallen Tree Removal","Dangerous Tree Specialists","Fast Fallen Tree Removal","Remove Dangerous Trees","Qualified Wellington Arborist","11+ Years Tree Experience","4.9 Stars, 79 Reviews","Free No-Obligation Quotes","Council-Trusted Arborists","Same Arborist Quotes & Works","Tidy Clean-Up Guaranteed","Fast Storm Response","Call 027 203 1446","Free On-Site Quotes","Local Wellington Arborist","Fallen or dangerous tree? Fast, safe removal by qualified arborists. Call 027 203 1446.","Fast response across greater Wellington. Qualified arborists on call 027 203 1446.","Trusted by Wellington councils & national agencies. 4.9 stars from 79 Google reviews.","We leave your property tidy — as if we were never there. Book your free quote now.","https://urbantreeservices.net/services/emergency/","Fallen-Tree","Wellington"
"Brand","Brand Terms","Urban Tree Services","Urban Tree Services NZ","Wellington's Urban Tree","Official Urban Tree Site","Qualified Wellington Arborist","11+ Years Tree Experience","4.9 Stars, 79 Reviews","Free No-Obligation Quotes","Council-Trusted Arborists","Same Arborist Quotes & Works","Tidy Clean-Up Guaranteed","Like We Were Never There","Call 027 203 1446","Free On-Site Quotes","Local Wellington Arborist","Urban Tree Services — qualified Wellington arborists, 4.9 stars, 79 reviews. Free quotes.","Trusted by Wellington councils & national agencies. 4.9 stars from 79 Google reviews.","Free, no-obligation quotes across greater Wellington. Call 027 203 1446 today.","We leave your property tidy — as if we were never there. Book your free quote now.","https://urbantreeservices.net/","Wellington","Arborist"
